<?xml version="1.0"?>
<!--<!DOCTYPE metadata SYSTEM "http://www.esri.com/metadata/esriprof80.dtd">-->
<metadata xml:lang="en"><Esri><MetaID>{29F4D200-980A-4571-9738-8F21E0983009}</MetaID><CreaDate>20100309</CreaDate><CreaTime>17121300</CreaTime><SyncOnce>TRUE</SyncOnce><DataProperties><lineage><Process ToolSource="C:\Program Files\ArcGIS\ArcToolbox\Toolboxes\Data Management Tools.tbx\CreateRasterDataset" Date="20100309" Time="171213">CreateRasterDataset "Database Connections\APPGMAP@DISTPROD.sde" Elevation # 16_BIT_UNSIGNED # 1 # "PYRAMIDS -1 NEAREST" "128 128" LZ77 # "Database Connections\APPGMAP@DISTPROD.sde\APPGMAP.Elevation"</Process><Process ToolSource="C:\Program Files\ArcGIS\ArcToolbox\Toolboxes\Data Management Tools.tbx\Mosaic" Date="20100309" Time="172210">Mosaic T:\globalmap_rasters\elevation\elzeaa.bil;T:\globalmap_rasters\elevation\elzdal.bil;T:\globalmap_rasters\elevation\elyela.bil;T:\globalmap_rasters\elevation\elyefa.bil;T:\globalmap_rasters\elevation\elyeal.bil;T:\globalmap_rasters\elevation\elyeaf.bil;T:\globalmap_rasters\elevation\elyeaa.bil;T:\globalmap_rasters\elevation\elydll.bil;T:\globalmap_rasters\elevation\elydlf.bil;T:\globalmap_rasters\elevation\elydfl.bil;T:\globalmap_rasters\elevation\elydff.bil;T:\globalmap_rasters\elevation\elydal.bil;T:\globalmap_rasters\elevation\elydaf.bil;T:\globalmap_rasters\elevation\elyccf.bil;T:\globalmap_rasters\elevation\elxflf.bil;T:\globalmap_rasters\elevation\elxfla.bil;T:\globalmap_rasters\elevation\elxfff.bil;T:\globalmap_rasters\elevation\elxffa.bil;T:\globalmap_rasters\elevation\elxfaa.bil;T:\globalmap_rasters\elevation\elxell.bil;T:\globalmap_rasters\elevation\elxelf.bil;T:\globalmap_rasters\elevation\elxela.bil;T:\globalmap_rasters\elevation\elxefl.bil;T:\globalmap_rasters\elevation\elxeff.bil;T:\globalmap_rasters\elevation\elxefa.bil;T:\globalmap_rasters\elevation\elxeal.bil;T:\globalmap_rasters\elevation\elxeaf.bil;T:\globalmap_rasters\elevation\elxeaa.bil;T:\globalmap_rasters\elevation\elxdll.bil;T:\globalmap_rasters\elevation\elxdlf.bil;T:\globalmap_rasters\elevation\elxdka.bil;T:\globalmap_rasters\elevation\elxdfl.bil;T:\globalmap_rasters\elevation\elxdff.bil;T:\globalmap_rasters\elevation\elxdda.bil;T:\globalmap_rasters\elevation\elxdal.bil;T:\globalmap_rasters\elevation\elxdaf.bil;T:\globalmap_rasters\elevation\elxckl.bil;T:\globalmap_rasters\elevation\elxckf.bil;T:\globalmap_rasters\elevation\elxcdl.bil;T:\globalmap_rasters\elevation\elxcbf.bil;T:\globalmap_rasters\elevation\elwfla.bil;T:\globalmap_rasters\elevation\elwffa.bil;T:\globalmap_rasters\elevation\elwfaa.bil;T:\globalmap_rasters\elevation\elwell.bil;T:\globalmap_rasters\elevation\elwelf.bil;T:\globalmap_rasters\elevation\elwela.bil;T:\globalmap_rasters\elevation\elwefl.bil;T:\globalmap_rasters\elevation\elweff.bil;T:\globalmap_rasters\elevation\elwefa.bil;T:\globalmap_rasters\elevation\elweal.bil;T:\globalmap_rasters\elevation\elweaf.bil;T:\globalmap_rasters\elevation\elweaa.bil;T:\globalmap_rasters\elevation\elwdll.bil;T:\globalmap_rasters\elevation\elwdlf.bil;T:\globalmap_rasters\elevation\elwdfl.bil;T:\globalmap_rasters\elevation\elwdff.bil;T:\globalmap_rasters\elevation\elwdal.bil;T:\globalmap_rasters\elevation\elwdaf.bil;T:\globalmap_rasters\elevation\elwcjf.bil;T:\globalmap_rasters\elevation\elwcaf.bil;T:\globalmap_rasters\elevation\elvfla.bil;T:\globalmap_rasters\elevation\elvffa.bil;T:\globalmap_rasters\elevation\elvfaa.bil;T:\globalmap_rasters\elevation\elvell.bil;T:\globalmap_rasters\elevation\elvelf.bil;T:\globalmap_rasters\elevation\elvela.bil;T:\globalmap_rasters\elevation\elvefl.bil;T:\globalmap_rasters\elevation\elveff.bil;T:\globalmap_rasters\elevation\elvefa.bil;T:\globalmap_rasters\elevation\elvdll.bil;T:\globalmap_rasters\elevation\elvdlf.bil;T:\globalmap_rasters\elevation\elvdfl.bil;T:\globalmap_rasters\elevation\elvdff.bil;T:\globalmap_rasters\elevation\elvchf.bil;T:\globalmap_rasters\elevation\elufla.bil;T:\globalmap_rasters\elevation\eluffa.bil;T:\globalmap_rasters\elevation\elucqf.bil;T:\globalmap_rasters\elevation\elucgf.bil;T:\globalmap_rasters\elevation\eltcpf.bil;T:\globalmap_rasters\elevation\eltcff.bil;T:\globalmap_rasters\elevation\elscnf.bil "Database Connections\APPGMAP@DISTPROD.sde\APPGMAP.ELEVATION" LAST FIRST # # NONE 0 "Database Connections\APPGMAP@DISTPROD.sde\APPGMAP.ELEVATION" NONE</Process><Process ToolSource="C:\Program Files\ArcGIS\ArcToolbox\Toolboxes\Data Management Tools.tbx\CalculateStatistics" Date="20100315" Time="143313">CalculateStatistics "Database Connections\APPGMAP@DISTPROD.sde\APPGMAP.ELEVATION" 1 1 # "Database Connections\APPGMAP@DISTPROD.sde\APPGMAP.ELEVATION"</Process><Process Name="CopyRaster_1" ToolSource="C:\Program Files\ArcGIS\ArcToolbox\Toolboxes\Data Management Tools.tbx\CopyRaster" Date="20100608" Time="124158">CopyRaster "Database Connections\Connection to mica.sde\APPGMAP.ELEVATION" D:\temp\image\elevation.tif # # # NONE NONE #</Process></lineage></DataProperties></Esri></metadata>
