<?xml version="1.0"?>
<!--<!DOCTYPE metadata SYSTEM "http://www.esri.com/metadata/esriprof80.dtd">-->
<metadata xml:lang="en"><Esri><MetaID>{BDB46699-3114-4A2F-8AC7-FC0A48270D0E}</MetaID><CreaDate>20100309</CreaDate><CreaTime>17391600</CreaTime><SyncOnce>TRUE</SyncOnce><DataProperties><lineage><Process ToolSource="C:\Program Files\ArcGIS\ArcToolbox\Toolboxes\Data Management Tools.tbx\CreateRasterDataset" Date="20100309" Time="173916">CreateRasterDataset "Database Connections\APPGMAP@DISTPROD.sde" LandUse # 16_BIT_UNSIGNED # 1 # "PYRAMIDS -1 NEAREST" "128 128" LZ77 # "Database Connections\APPGMAP@DISTPROD.sde\APPGMAP.LandUse"</Process><Process ToolSource="C:\Program Files\ArcGIS\ArcToolbox\Toolboxes\Data Management Tools.tbx\Mosaic" Date="20100309" Time="174202">Mosaic T:\globalmap_rasters\land_use\luzeaa.bil;T:\globalmap_rasters\land_use\luzdal.bil;T:\globalmap_rasters\land_use\luyela.bil;T:\globalmap_rasters\land_use\luyefa.bil;T:\globalmap_rasters\land_use\luyeal.bil;T:\globalmap_rasters\land_use\luyeaf.bil;T:\globalmap_rasters\land_use\luyeaa.bil;T:\globalmap_rasters\land_use\luydll.bil;T:\globalmap_rasters\land_use\luydlf.bil;T:\globalmap_rasters\land_use\luydfl.bil;T:\globalmap_rasters\land_use\luydff.bil;T:\globalmap_rasters\land_use\luydal.bil;T:\globalmap_rasters\land_use\luydaf.bil;T:\globalmap_rasters\land_use\luyccf.bil;T:\globalmap_rasters\land_use\luxflf.bil;T:\globalmap_rasters\land_use\luxfla.bil;T:\globalmap_rasters\land_use\luxfff.bil;T:\globalmap_rasters\land_use\luxffa.bil;T:\globalmap_rasters\land_use\luxfaa.bil;T:\globalmap_rasters\land_use\luxell.bil;T:\globalmap_rasters\land_use\luxelf.bil;T:\globalmap_rasters\land_use\luxela.bil;T:\globalmap_rasters\land_use\luxefl.bil;T:\globalmap_rasters\land_use\luxeff.bil;T:\globalmap_rasters\land_use\luxefa.bil;T:\globalmap_rasters\land_use\luxeal.bil;T:\globalmap_rasters\land_use\luxeaf.bil;T:\globalmap_rasters\land_use\luxeaa.bil;T:\globalmap_rasters\land_use\luxdll.bil;T:\globalmap_rasters\land_use\luxdlf.bil;T:\globalmap_rasters\land_use\luxdka.bil;T:\globalmap_rasters\land_use\luxdfl.bil;T:\globalmap_rasters\land_use\luxdff.bil;T:\globalmap_rasters\land_use\luxdda.bil;T:\globalmap_rasters\land_use\luxdal.bil;T:\globalmap_rasters\land_use\luxdaf.bil;T:\globalmap_rasters\land_use\luxckl.bil;T:\globalmap_rasters\land_use\luxckf.bil;T:\globalmap_rasters\land_use\luxcdl.bil;T:\globalmap_rasters\land_use\luxcbf.bil;T:\globalmap_rasters\land_use\luwfla.bil;T:\globalmap_rasters\land_use\luwffa.bil;T:\globalmap_rasters\land_use\luwfaa.bil;T:\globalmap_rasters\land_use\luwell.bil;T:\globalmap_rasters\land_use\luwelf.bil;T:\globalmap_rasters\land_use\luwela.bil;T:\globalmap_rasters\land_use\luwefl.bil;T:\globalmap_rasters\land_use\luweff.bil;T:\globalmap_rasters\land_use\luwefa.bil;T:\globalmap_rasters\land_use\luweal.bil;T:\globalmap_rasters\land_use\luweaf.bil;T:\globalmap_rasters\land_use\luweaa.bil;T:\globalmap_rasters\land_use\luwdll.bil;T:\globalmap_rasters\land_use\luwdlf.bil;T:\globalmap_rasters\land_use\luwdfl.bil;T:\globalmap_rasters\land_use\luwdff.bil;T:\globalmap_rasters\land_use\luwdal.bil;T:\globalmap_rasters\land_use\luwdaf.bil;T:\globalmap_rasters\land_use\luwcjf.bil;T:\globalmap_rasters\land_use\luwcaf.bil;T:\globalmap_rasters\land_use\luvfla.bil;T:\globalmap_rasters\land_use\luvffa.bil;T:\globalmap_rasters\land_use\luvfaa.bil;T:\globalmap_rasters\land_use\luvell.bil;T:\globalmap_rasters\land_use\luvelf.bil;T:\globalmap_rasters\land_use\luvela.bil;T:\globalmap_rasters\land_use\luvefl.bil;T:\globalmap_rasters\land_use\luveff.bil;T:\globalmap_rasters\land_use\luvefa.bil;T:\globalmap_rasters\land_use\luvdll.bil;T:\globalmap_rasters\land_use\luvdlf.bil;T:\globalmap_rasters\land_use\luvdfl.bil;T:\globalmap_rasters\land_use\luvdff.bil;T:\globalmap_rasters\land_use\luvchf.bil;T:\globalmap_rasters\land_use\luufla.bil;T:\globalmap_rasters\land_use\luuffa.bil;T:\globalmap_rasters\land_use\luucqf.bil;T:\globalmap_rasters\land_use\luucgf.bil;T:\globalmap_rasters\land_use\lutcpf.bil;T:\globalmap_rasters\land_use\lutcff.bil;T:\globalmap_rasters\land_use\luscnf.bil "Database Connections\APPGMAP@DISTPROD.sde\APPGMAP.LANDUSE" LAST FIRST # # NONE 0 "Database Connections\APPGMAP@DISTPROD.sde\APPGMAP.LANDUSE" NONE</Process><Process ToolSource="C:\Program Files\ArcGIS\ArcToolbox\Toolboxes\Data Management Tools.tbx\CalculateStatistics" Date="20100315" Time="143304">CalculateStatistics "Database Connections\APPGMAP@DISTPROD.sde\APPGMAP.LANDUSE" 1 1 # "Database Connections\APPGMAP@DISTPROD.sde\APPGMAP.LANDUSE"</Process><Process Name="CopyRaster_2" ToolSource="C:\Program Files\ArcGIS\ArcToolbox\Toolboxes\Data Management Tools.tbx\CopyRaster" Date="20100608" Time="124309">CopyRaster "Database Connections\Connection to mica.sde\APPGMAP.LANDUSE" D:\temp\image\landuse.tif # # # NONE NONE #</Process></lineage></DataProperties></Esri></metadata>
