<?xml version="1.0"?>
<!--<!DOCTYPE metadata SYSTEM "http://www.esri.com/metadata/esriprof80.dtd">-->
<metadata xml:lang="en"><Esri><MetaID>{5AA369C7-819D-433C-B895-31C95838BD74}</MetaID><CreaDate>20100309</CreaDate><CreaTime>17352300</CreaTime><SyncOnce>TRUE</SyncOnce><DataProperties><lineage><Process ToolSource="C:\Program Files\ArcGIS\ArcToolbox\Toolboxes\Data Management Tools.tbx\CreateRasterDataset" Date="20100309" Time="173523">CreateRasterDataset "Database Connections\APPGMAP@DISTPROD.sde" LandCover # 16_BIT_UNSIGNED # 1 # "PYRAMIDS -1 NEAREST" "128 128" LZ77 # "Database Connections\APPGMAP@DISTPROD.sde\APPGMAP.LandCover"</Process><Process ToolSource="C:\Program Files\ArcGIS\ArcToolbox\Toolboxes\Data Management Tools.tbx\Mosaic" Date="20100309" Time="173814">Mosaic T:\globalmap_rasters\land_cover\lczeaa.bil;T:\globalmap_rasters\land_cover\lczdal.bil;T:\globalmap_rasters\land_cover\lcyela.bil;T:\globalmap_rasters\land_cover\lcyefa.bil;T:\globalmap_rasters\land_cover\lcyeal.bil;T:\globalmap_rasters\land_cover\lcyeaf.bil;T:\globalmap_rasters\land_cover\lcyeaa.bil;T:\globalmap_rasters\land_cover\lcydll.bil;T:\globalmap_rasters\land_cover\lcydlf.bil;T:\globalmap_rasters\land_cover\lcydfl.bil;T:\globalmap_rasters\land_cover\lcydff.bil;T:\globalmap_rasters\land_cover\lcydal.bil;T:\globalmap_rasters\land_cover\lcydaf.bil;T:\globalmap_rasters\land_cover\lcyccf.bil;T:\globalmap_rasters\land_cover\lcxflf.bil;T:\globalmap_rasters\land_cover\lcxfla.bil;T:\globalmap_rasters\land_cover\lcxfff.bil;T:\globalmap_rasters\land_cover\lcxffa.bil;T:\globalmap_rasters\land_cover\lcxfaa.bil;T:\globalmap_rasters\land_cover\lcxell.bil;T:\globalmap_rasters\land_cover\lcxelf.bil;T:\globalmap_rasters\land_cover\lcxela.bil;T:\globalmap_rasters\land_cover\lcxefl.bil;T:\globalmap_rasters\land_cover\lcxeff.bil;T:\globalmap_rasters\land_cover\lcxefa.bil;T:\globalmap_rasters\land_cover\lcxeal.bil;T:\globalmap_rasters\land_cover\lcxeaf.bil;T:\globalmap_rasters\land_cover\lcxeaa.bil;T:\globalmap_rasters\land_cover\lcxdll.bil;T:\globalmap_rasters\land_cover\lcxdlf.bil;T:\globalmap_rasters\land_cover\lcxdka.bil;T:\globalmap_rasters\land_cover\lcxdfl.bil;T:\globalmap_rasters\land_cover\lcxdff.bil;T:\globalmap_rasters\land_cover\lcxdda.bil;T:\globalmap_rasters\land_cover\lcxdal.bil;T:\globalmap_rasters\land_cover\lcxdaf.bil;T:\globalmap_rasters\land_cover\lcxckl.bil;T:\globalmap_rasters\land_cover\lcxckf.bil;T:\globalmap_rasters\land_cover\lcxcdl.bil;T:\globalmap_rasters\land_cover\lcxcbf.bil;T:\globalmap_rasters\land_cover\lcwfla.bil;T:\globalmap_rasters\land_cover\lcwffa.bil;T:\globalmap_rasters\land_cover\lcwfaa.bil;T:\globalmap_rasters\land_cover\lcwell.bil;T:\globalmap_rasters\land_cover\lcwelf.bil;T:\globalmap_rasters\land_cover\lcwela.bil;T:\globalmap_rasters\land_cover\lcwefl.bil;T:\globalmap_rasters\land_cover\lcweff.bil;T:\globalmap_rasters\land_cover\lcwefa.bil;T:\globalmap_rasters\land_cover\lcweal.bil;T:\globalmap_rasters\land_cover\lcweaf.bil;T:\globalmap_rasters\land_cover\lcweaa.bil;T:\globalmap_rasters\land_cover\lcwdll.bil;T:\globalmap_rasters\land_cover\lcwdlf.bil;T:\globalmap_rasters\land_cover\lcwdfl.bil;T:\globalmap_rasters\land_cover\lcwdff.bil;T:\globalmap_rasters\land_cover\lcwdal.bil;T:\globalmap_rasters\land_cover\lcwdaf.bil;T:\globalmap_rasters\land_cover\lcwcjf.bil;T:\globalmap_rasters\land_cover\lcwcaf.bil;T:\globalmap_rasters\land_cover\lcvfla.bil;T:\globalmap_rasters\land_cover\lcvffa.bil;T:\globalmap_rasters\land_cover\lcvfaa.bil;T:\globalmap_rasters\land_cover\lcvell.bil;T:\globalmap_rasters\land_cover\lcvelf.bil;T:\globalmap_rasters\land_cover\lcvela.bil;T:\globalmap_rasters\land_cover\lcvefl.bil;T:\globalmap_rasters\land_cover\lcveff.bil;T:\globalmap_rasters\land_cover\lcvefa.bil;T:\globalmap_rasters\land_cover\lcvdll.bil;T:\globalmap_rasters\land_cover\lcvdlf.bil;T:\globalmap_rasters\land_cover\lcvdfl.bil;T:\globalmap_rasters\land_cover\lcvdff.bil;T:\globalmap_rasters\land_cover\lcvchf.bil;T:\globalmap_rasters\land_cover\lcufla.bil;T:\globalmap_rasters\land_cover\lcuffa.bil;T:\globalmap_rasters\land_cover\lcucqf.bil;T:\globalmap_rasters\land_cover\lcucgf.bil;T:\globalmap_rasters\land_cover\lctcpf.bil;T:\globalmap_rasters\land_cover\lctcff.bil;T:\globalmap_rasters\land_cover\lcscnf.bil "Database Connections\APPGMAP@DISTPROD.sde\APPGMAP.LANDCOVER" LAST FIRST # # NONE 0 "Database Connections\APPGMAP@DISTPROD.sde\APPGMAP.LANDCOVER" NONE</Process><Process ToolSource="C:\Program Files\ArcGIS\ArcToolbox\Toolboxes\Data Management Tools.tbx\CalculateStatistics" Date="20100315" Time="143307">CalculateStatistics "Database Connections\APPGMAP@DISTPROD.sde\APPGMAP.LANDCOVER" 1 1 # "Database Connections\APPGMAP@DISTPROD.sde\APPGMAP.LANDCOVER"</Process><Process Name="CopyRaster_1" ToolSource="C:\Program Files\ArcGIS\ArcToolbox\Toolboxes\Data Management Tools.tbx\CopyRaster" Date="20100608" Time="124244">CopyRaster "Database Connections\Connection to mica.sde\APPGMAP.LANDCOVER" D:\temp\image\landcover.tif # # # NONE NONE #</Process></lineage></DataProperties></Esri></metadata>
