<?xml version="1.0"?>
<!--<!DOCTYPE metadata SYSTEM "http://www.esri.com/metadata/esriprof80.dtd">-->
<metadata xml:lang="en"><Esri><MetaID>{16C89E5D-733C-413F-A4E6-F8C50B538AA9}</MetaID><CreaDate>20100309</CreaDate><CreaTime>17431600</CreaTime><SyncOnce>TRUE</SyncOnce><DataProperties><lineage><Process ToolSource="C:\Program Files\ArcGIS\ArcToolbox\Toolboxes\Data Management Tools.tbx\CreateRasterDataset" Date="20100309" Time="174316">CreateRasterDataset "Database Connections\APPGMAP@DISTPROD.sde" Vegetation # 16_BIT_UNSIGNED # 1 # "PYRAMIDS -1 NEAREST" "128 128" LZ77 # "Database Connections\APPGMAP@DISTPROD.sde\APPGMAP.Vegetation"</Process><Process ToolSource="C:\Program Files\ArcGIS\ArcToolbox\Toolboxes\Data Management Tools.tbx\Mosaic" Date="20100309" Time="174616">Mosaic T:\globalmap_rasters\vegetation\vezeaa.bil;T:\globalmap_rasters\vegetation\vezdal.bil;T:\globalmap_rasters\vegetation\veyela.bil;T:\globalmap_rasters\vegetation\veyefa.bil;T:\globalmap_rasters\vegetation\veyeal.bil;T:\globalmap_rasters\vegetation\veyeaf.bil;T:\globalmap_rasters\vegetation\veyeaa.bil;T:\globalmap_rasters\vegetation\veydll.bil;T:\globalmap_rasters\vegetation\veydlf.bil;T:\globalmap_rasters\vegetation\veydfl.bil;T:\globalmap_rasters\vegetation\veydff.bil;T:\globalmap_rasters\vegetation\veydal.bil;T:\globalmap_rasters\vegetation\veydaf.bil;T:\globalmap_rasters\vegetation\veyccf.bil;T:\globalmap_rasters\vegetation\vexflf.bil;T:\globalmap_rasters\vegetation\vexfla.bil;T:\globalmap_rasters\vegetation\vexfff.bil;T:\globalmap_rasters\vegetation\vexffa.bil;T:\globalmap_rasters\vegetation\vexfaa.bil;T:\globalmap_rasters\vegetation\vexell.bil;T:\globalmap_rasters\vegetation\vexelf.bil;T:\globalmap_rasters\vegetation\vexela.bil;T:\globalmap_rasters\vegetation\vexefl.bil;T:\globalmap_rasters\vegetation\vexeff.bil;T:\globalmap_rasters\vegetation\vexefa.bil;T:\globalmap_rasters\vegetation\vexeal.bil;T:\globalmap_rasters\vegetation\vexeaf.bil;T:\globalmap_rasters\vegetation\vexeaa.bil;T:\globalmap_rasters\vegetation\vexdll.bil;T:\globalmap_rasters\vegetation\vexdlf.bil;T:\globalmap_rasters\vegetation\vexdka.bil;T:\globalmap_rasters\vegetation\vexdfl.bil;T:\globalmap_rasters\vegetation\vexdff.bil;T:\globalmap_rasters\vegetation\vexdda.bil;T:\globalmap_rasters\vegetation\vexdal.bil;T:\globalmap_rasters\vegetation\vexdaf.bil;T:\globalmap_rasters\vegetation\vexckl.bil;T:\globalmap_rasters\vegetation\vexckf.bil;T:\globalmap_rasters\vegetation\vexcdl.bil;T:\globalmap_rasters\vegetation\vexcbf.bil;T:\globalmap_rasters\vegetation\vewfla.bil;T:\globalmap_rasters\vegetation\vewffa.bil;T:\globalmap_rasters\vegetation\vewfaa.bil;T:\globalmap_rasters\vegetation\vewell.bil;T:\globalmap_rasters\vegetation\vewelf.bil;T:\globalmap_rasters\vegetation\vewela.bil;T:\globalmap_rasters\vegetation\vewefl.bil;T:\globalmap_rasters\vegetation\veweff.bil;T:\globalmap_rasters\vegetation\vewefa.bil;T:\globalmap_rasters\vegetation\veweal.bil;T:\globalmap_rasters\vegetation\veweaf.bil;T:\globalmap_rasters\vegetation\veweaa.bil;T:\globalmap_rasters\vegetation\vewdll.bil;T:\globalmap_rasters\vegetation\vewdlf.bil;T:\globalmap_rasters\vegetation\vewdfl.bil;T:\globalmap_rasters\vegetation\vewdff.bil;T:\globalmap_rasters\vegetation\vewdal.bil;T:\globalmap_rasters\vegetation\vewdaf.bil;T:\globalmap_rasters\vegetation\vewcjf.bil;T:\globalmap_rasters\vegetation\vewcaf.bil;T:\globalmap_rasters\vegetation\vevfla.bil;T:\globalmap_rasters\vegetation\vevffa.bil;T:\globalmap_rasters\vegetation\vevfaa.bil;T:\globalmap_rasters\vegetation\vevell.bil;T:\globalmap_rasters\vegetation\vevelf.bil;T:\globalmap_rasters\vegetation\vevela.bil;T:\globalmap_rasters\vegetation\vevefl.bil;T:\globalmap_rasters\vegetation\veveff.bil;T:\globalmap_rasters\vegetation\vevefa.bil;T:\globalmap_rasters\vegetation\vevdll.bil;T:\globalmap_rasters\vegetation\vevdlf.bil;T:\globalmap_rasters\vegetation\vevdfl.bil;T:\globalmap_rasters\vegetation\vevdff.bil;T:\globalmap_rasters\vegetation\vevchf.bil;T:\globalmap_rasters\vegetation\veufla.bil;T:\globalmap_rasters\vegetation\veuffa.bil;T:\globalmap_rasters\vegetation\veucqf.bil;T:\globalmap_rasters\vegetation\veucgf.bil;T:\globalmap_rasters\vegetation\vetcpf.bil;T:\globalmap_rasters\vegetation\vetcff.bil;T:\globalmap_rasters\vegetation\vescnf.bil "Database Connections\APPGMAP@DISTPROD.sde\APPGMAP.VEGETATION" LAST FIRST # # NONE 0 "Database Connections\APPGMAP@DISTPROD.sde\APPGMAP.VEGETATION" NONE</Process><Process ToolSource="C:\Program Files\ArcGIS\ArcToolbox\Toolboxes\Data Management Tools.tbx\CalculateStatistics" Date="20100315" Time="143259">CalculateStatistics "Database Connections\APPGMAP@DISTPROD.sde\APPGMAP.VEGETATION" 1 1 # "Database Connections\APPGMAP@DISTPROD.sde\APPGMAP.VEGETATION"</Process><Process Name="CopyRaster_2" ToolSource="C:\Program Files\ArcGIS\ArcToolbox\Toolboxes\Data Management Tools.tbx\CopyRaster" Date="20100608" Time="124330">CopyRaster "Database Connections\Connection to mica.sde\APPGMAP.VEGETATION" D:\temp\image\vegetation.tif # # # NONE NONE #</Process></lineage></DataProperties></Esri></metadata>
